id,name,weight,status,main_price,original_price,promo_text,date
91475,FRISCO FRESH Avocado Hass dojrzałe,185 g,Do koszyka,"6,99 zł",,Odbierz za 10 gr:  FRISCO FRESH Jabłka Szampion 4 szt. 800g. Przy zakupie wybranych warzyw i owoców za min. 50 zł.Aktywuj promocję,09-11-2025 14-00
4039,FRISCO FRESH Avocado,220 g,Do koszyka,"3,49 zł *","6,49 zł","(Limit 2 szt.) *Powyżej limitu, każda kolejna sztuka w cenie regularnej.Aktywuj promocję",09-11-2025 14-00
16161,FRISCO FRESH Jabłka Szampion 3-4 szt.,~800 g,Do koszyka,"6,49 zł",,Odbierz za 10 gr:  FRISCO FRESH Jabłka Szampion 4 szt. 800g. Przy zakupie wybranych warzyw i owoców za min. 50 zł.Aktywuj promocję,09-11-2025 14-00
16258,FRISCO FRESH Jabłka Ligol 4 szt.,~800 g,Do koszyka,"6,49 zł",,Odbierz za 10 gr:  FRISCO FRESH Jabłka Szampion 4 szt. 800g. Przy zakupie wybranych warzyw i owoców za min. 50 zł.Aktywuj promocję,09-11-2025 14-00
45979,FRISCO FRESH Gruszka Konferencja 3-5 szt.,~1 kg,Do koszyka,"7,99 zł/szt. *","9,99 zł1 szt. za",Przy zakupie 2 szt.Aktywuj promocję,09-11-2025 14-00
95701,FRISCO FRESH Jabłka słodkie Jonaprince 3-4 szt.,~1 kg,Do koszyka,"5,99 zł",,Odbierz za 10 gr:  FRISCO FRESH Jabłka Szampion 4 szt. 800g. Przy zakupie wybranych warzyw i owoców za min. 50 zł.Aktywuj promocję,09-11-2025 14-00
107245,FRISCO FRESH Ziemniaki,~2 kg,Do koszyka,"1,99 zł *","6,99 zł","(Limit 2 szt.) *Powyżej limitu, każda kolejna sztuka w cenie regularnej.Aktywuj promocję",09-11-2025 14-00
6502,FRISCO FRESH Ziemniaki bataty słodkie 2-5 szt,~1 kg,Do koszyka,"14,99 zł",,Odbierz za 10 gr:  FRISCO FRESH Jabłka Szampion 4 szt. 800g. Przy zakupie wybranych warzyw i owoców za min. 50 zł.Aktywuj promocję,09-11-2025 14-00
98817,FRISCO FRESH Ziemniaczki truflowo-fioletowe,~600 g,Do koszyka,"9,99 zł",,Odbierz za 10 gr:  FRISCO FRESH Jabłka Szampion 4 szt. 800g. Przy zakupie wybranych warzyw i owoców za min. 50 zł.Aktywuj promocję,09-11-2025 14-00
3411,FRISCO FRESH Ziemniaki grillowe duże,~1 kg,Do koszyka,"5,49 zł",,Odbierz za 10 gr:  FRISCO FRESH Jabłka Szampion 4 szt. 800g. Przy zakupie wybranych warzyw i owoców za min. 50 zł.Aktywuj promocję,09-11-2025 14-00
4030,FRISCO FRESH Marchew luz,~750 g,Do koszyka,"2,49 zł",,Odbierz za 10 gr:  FRISCO FRESH Jabłka Szampion 4 szt. 800g. Przy zakupie wybranych warzyw i owoców za min. 50 zł.Aktywuj promocję,09-11-2025 14-00
3504,FRISCO FRESH Rzodkiewka pęczek,150 g,Do koszyka,"2,49 zł",,Odbierz za 10 gr:  FRISCO FRESH Jabłka Szampion 4 szt. 800g. Przy zakupie wybranych warzyw i owoców za min. 50 zł.Aktywuj promocję,09-11-2025 14-00
3409,FRISCO FRESH Cebula 5-8 szt.,~1 kg,Do koszyka,"3,99 zł",,Odbierz za 10 gr:  FRISCO FRESH Jabłka Szampion 4 szt. 800g. Przy zakupie wybranych warzyw i owoców za min. 50 zł.Aktywuj promocję,09-11-2025 14-00
93437,FRISCO FRESH Cebula czosnkowa 6-8 szt.,~800 g,Do koszyka,"7,99 zł",,Odbierz za 10 gr:  FRISCO FRESH Jabłka Szampion 4 szt. 800g. Przy zakupie wybranych warzyw i owoców za min. 50 zł.Aktywuj promocję,09-11-2025 14-00
144773,FRISCO FRESH Czosnek 1 główka,30 g,Do koszyka,"2,99 zł",,Odbierz za 10 gr:  FRISCO FRESH Jabłka Szampion 4 szt. 800g. Przy zakupie wybranych warzyw i owoców za min. 50 zł.Aktywuj promocję,09-11-2025 14-00
4087,FRISCO FRESH Cebula czerwona 3-5 szt.,~650 g,Do koszyka,"4,99 zł *",,Odbierz za 10 gr:  FRISCO FRESH Jabłka Szampion 4 szt. 800g. Przy zakupie wybranych warzyw i owoców za min. 50 zł.Aktywuj promocję,09-11-2025 14-00
10989,FRISCO FRESH Por,350 g,Do koszyka,"4,49 zł",,Odbierz za 10 gr:  FRISCO FRESH Jabłka Szampion 4 szt. 800g. Przy zakupie wybranych warzyw i owoców za min. 50 zł.Aktywuj promocję,09-11-2025 14-00
4117,FRISCO FRESH Cebula szalotka,250 g,Do koszyka,"6,99 zł",,Odbierz za 10 gr:  FRISCO FRESH Jabłka Szampion 4 szt. 800g. Przy zakupie wybranych warzyw i owoców za min. 50 zł.Aktywuj promocję,09-11-2025 14-00
3444,FRISCO FRESH Papryka czerwona 1 szt.,~250 g,Do koszyka,"4,49 zł",,Odbierz za 10 gr:  FRISCO FRESH Jabłka Szampion 4 szt. 800g. Przy zakupie wybranych warzyw i owoców za min. 50 zł.Aktywuj promocję,09-11-2025 14-00
12076,FRISCO FRESH Papryka czerwona 2-4 szt.,~600 g,Do koszyka,"8,99 zł",,Odbierz za 10 gr:  FRISCO FRESH Jabłka Szampion 4 szt. 800g. Przy zakupie wybranych warzyw i owoców za min. 50 zł.Aktywuj promocję,09-11-2025 14-00
3448,FRISCO FRESH Papryka żółta 1-2 szt.,~300 g,Do koszyka,"3,79 zł",,Odbierz za 10 gr:  FRISCO FRESH Jabłka Szampion 4 szt. 800g. Przy zakupie wybranych warzyw i owoców za min. 50 zł.Aktywuj promocję,09-11-2025 14-00
3447,FRISCO FRESH Papryka zielona 1-2 szt.,~300 g,Do koszyka,"2,79 zł",,Odbierz za 10 gr:  FRISCO FRESH Jabłka Szampion 4 szt. 800g. Przy zakupie wybranych warzyw i owoców za min. 50 zł.Aktywuj promocję,09-11-2025 14-00
3445,FRISCO FRESH Papryka pepperoni czerwona 5-7 szt.,~150 g,Do koszyka,"7,99 zł",,Odbierz za 10 gr:  FRISCO FRESH Jabłka Szampion 4 szt. 800g. Przy zakupie wybranych warzyw i owoców za min. 50 zł.Aktywuj promocję,09-11-2025 14-00
3446,FRISCO FRESH Papryka pepperoni zielona 5-13 szt.,~150 g,Do koszyka,"8,99 zł",,Odbierz za 10 gr:  FRISCO FRESH Jabłka Szampion 4 szt. 800g. Przy zakupie wybranych warzyw i owoców za min. 50 zł.Aktywuj promocję,09-11-2025 14-00
4094,FRISCO FRESH Banany kiść 4-6 szt.,~1 kg,Zamienniki,0,0,Odbierz za 10 gr:  FRISCO FRESH Jabłka Szampion 4 szt. 800g. Przy zakupie wybranych warzyw i owoców za min. 50 zł.Aktywuj promocję,09-11-2025 14-00
82209,FRISCO FRESH Ogórek długi import 1 szt.,250 g,Do koszyka,"3,99 zł",,Odbierz za 10 gr:  FRISCO FRESH Jabłka Szampion 4 szt. 800g. Przy zakupie wybranych warzyw i owoców za min. 50 zł.Aktywuj promocję,09-11-2025 14-00
99999,FRISCO FRESH Pomidory malinowe 3-4szt.,~600 g,Do koszyka,"6,99 zł",,Odbierz za 10 gr:  FRISCO FRESH Jabłka Szampion 4 szt. 800g. Przy zakupie wybranych warzyw i owoców za min. 50 zł.Aktywuj promocję,09-11-2025 14-00
3428,FRISCO FRESH Pomidory gałązka,~750 g,Do koszyka,"14,99 zł",,Odbierz za 10 gr:  FRISCO FRESH Jabłka Szampion 4 szt. 800g. Przy zakupie wybranych warzyw i owoców za min. 50 zł.Aktywuj promocję,09-11-2025 14-00
3429,FRISCO FRESH Pomidory krajowe 3-4 szt. tacka,~600 g,Zamienniki,0,0,Odbierz za 10 gr:  FRISCO FRESH Jabłka Szampion 4 szt. 800g. Przy zakupie wybranych warzyw i owoców za min. 50 zł.Aktywuj promocję,09-11-2025 14-00
3610,FRISCO FRESH Pomidory Cherry,250 g,Do koszyka,"6,49 zł",,Odbierz za 10 gr:  FRISCO FRESH Jabłka Szampion 4 szt. 800g. Przy zakupie wybranych warzyw i owoców za min. 50 zł.Aktywuj promocję,09-11-2025 14-00
12075,FRISCO FRESH Pomarańcze deserowe 3-4 szt.,~1.2 kg,Do koszyka,"14,99 zł",,Odbierz za 10 gr:  FRISCO FRESH Jabłka Szampion 4 szt. 800g. Przy zakupie wybranych warzyw i owoców za min. 50 zł.Aktywuj promocję,09-11-2025 14-00
82135,FRISCO FRESH Pomarańcze sokowe 4-7 szt.,~1 kg,Do koszyka,"9,99 zł",,Odbierz za 10 gr:  FRISCO FRESH Jabłka Szampion 4 szt. 800g. Przy zakupie wybranych warzyw i owoców za min. 50 zł.Aktywuj promocję,09-11-2025 14-00
4086,FRISCO FRESH Cytryny drobne,~500 g,Do koszyka,"5,99 zł",,Odbierz za 10 gr:  FRISCO FRESH Jabłka Szampion 4 szt. 800g. Przy zakupie wybranych warzyw i owoców za min. 50 zł.Aktywuj promocję,09-11-2025 14-00
121523,FRISCO FRESH Limonka 1szt.,70 g,Do koszyka,"1,99 zł",,Odbierz za 10 gr:  FRISCO FRESH Jabłka Szampion 4 szt. 800g. Przy zakupie wybranych warzyw i owoców za min. 50 zł.Aktywuj promocję,09-11-2025 14-00
12074,FRISCO FRESH Cytryny luz extra 6 szt.,~1 kg,Do koszyka,"14,99 zł",,Odbierz za 10 gr:  FRISCO FRESH Jabłka Szampion 4 szt. 800g. Przy zakupie wybranych warzyw i owoców za min. 50 zł.Aktywuj promocję,09-11-2025 14-00
4114,FRISCO FRESH Limonki 3 - 5 szt.,~320 g,Zamienniki,0,0,Odbierz za 10 gr:  FRISCO FRESH Jabłka Szampion 4 szt. 800g. Przy zakupie wybranych warzyw i owoców za min. 50 zł.Aktywuj promocję,09-11-2025 14-00
99383,FRISCO FRESH Mandarynki deserowe ekstra,~800 g,Do koszyka,"14,99 zł",,Odbierz za 10 gr:  FRISCO FRESH Jabłka Szampion 4 szt. 800g. Przy zakupie wybranych warzyw i owoców za min. 50 zł.Aktywuj promocję,09-11-2025 14-00
4080,FRISCO FRESH Grejpfrut czerwony 2 szt.,~1 kg,Do koszyka,"12,99 zł",,Odbierz za 10 gr:  FRISCO FRESH Jabłka Szampion 4 szt. 800g. Przy zakupie wybranych warzyw i owoców za min. 50 zł.Aktywuj promocję,09-11-2025 14-00
3612,FRISCO FRESH Pomelo,800 g,Do koszyka,"12,99 zł",,Odbierz za 10 gr:  FRISCO FRESH Jabłka Szampion 4 szt. 800g. Przy zakupie wybranych warzyw i owoców za min. 50 zł.Aktywuj promocję,09-11-2025 14-00
40065,FRISCO FRESH Grejpfrut zielony Sweetie 2-3szt.,~800 g,Do koszyka,"14,99 zł",,Odbierz za 10 gr:  FRISCO FRESH Jabłka Szampion 4 szt. 800g. Przy zakupie wybranych warzyw i owoców za min. 50 zł.Aktywuj promocję,09-11-2025 14-00
39134,FRISCO FRESH Grejpfrut biały 2 szt.,~1.2 kg,Do koszyka,"15,99 zł",,Odbierz za 10 gr:  FRISCO FRESH Jabłka Szampion 4 szt. 800g. Przy zakupie wybranych warzyw i owoców za min. 50 zł.Aktywuj promocję,09-11-2025 14-00
4116,FRISCO FRESH Cukinia zielona 2-3 szt.,~850 g,Do koszyka,"6,99 zł",,Odbierz za 10 gr:  FRISCO FRESH Jabłka Szampion 4 szt. 800g. Przy zakupie wybranych warzyw i owoców za min. 50 zł.Aktywuj promocję,09-11-2025 14-00
9573,FRISCO FRESH Dynia pomarańczowa 1 szt. (4-6kg),~5 kg,Do koszyka,"25,99 zł",,Odbierz za 10 gr:  FRISCO FRESH Jabłka Szampion 4 szt. 800g. Przy zakupie wybranych warzyw i owoców za min. 50 zł.Aktywuj promocję,09-11-2025 14-00
4095,FRISCO FRESH Bakłażan 1-2 szt.,~450 g,Do koszyka,"5,99 zł",,Odbierz za 10 gr:  FRISCO FRESH Jabłka Szampion 4 szt. 800g. Przy zakupie wybranych warzyw i owoców za min. 50 zł.Aktywuj promocję,09-11-2025 14-00
46631,FRISCO FRESH Dynia ozdobna mała,1 szt,Do koszyka,"5,99 zł",,Odbierz za 10 gr:  FRISCO FRESH Jabłka Szampion 4 szt. 800g. Przy zakupie wybranych warzyw i owoców za min. 50 zł.Aktywuj promocję,09-11-2025 14-00
4078,FRISCO FRESH Imbir świeży kłącze 1 szt.,~200 g,Do koszyka,"3,99 zł/szt. *","4,99 zł1 szt. za",Przy zakupie 2 szt.Aktywuj promocję,09-11-2025 14-00
3432,FRISCO FRESH Pietruszka luz,~300 g,Do koszyka,"3,99 zł",,Odbierz za 10 gr:  FRISCO FRESH Jabłka Szampion 4 szt. 800g. Przy zakupie wybranych warzyw i owoców za min. 50 zł.Aktywuj promocję,09-11-2025 14-00
3420,FRISCO FRESH Seler 1 szt.,~700 g,Do koszyka,"5,99 zł",,Odbierz za 10 gr:  FRISCO FRESH Jabłka Szampion 4 szt. 800g. Przy zakupie wybranych warzyw i owoców za min. 50 zł.Aktywuj promocję,09-11-2025 14-00
3137,FRISCO FRESH Seler naciowy,300 g,Do koszyka,"5,99 zł",,Odbierz za 10 gr:  FRISCO FRESH Jabłka Szampion 4 szt. 800g. Przy zakupie wybranych warzyw i owoców za min. 50 zł.Aktywuj promocję,09-11-2025 14-00
4088,FRISCO FRESH Buraki 4-6 szt.,~1 kg,Do koszyka,"1,49 zł *","2,99 zł","(Limit 2 szt.) *Powyżej limitu, każda kolejna sztuka w cenie regularnej.Aktywuj promocję",09-11-2025 14-00
104303,FRISCO FRESH Burak podłużny czerwony 5-6szt.,~1 kg,Do koszyka,"3,99 zł",,Odbierz za 10 gr:  FRISCO FRESH Jabłka Szampion 4 szt. 800g. Przy zakupie wybranych warzyw i owoców za min. 50 zł.Aktywuj promocję,09-11-2025 14-00
141193,FRISCO FRESH Kurkuma,250 g,Do koszyka,"9,99 zł",,Odbierz za 10 gr:  FRISCO FRESH Jabłka Szampion 4 szt. 800g. Przy zakupie wybranych warzyw i owoców za min. 50 zł.Aktywuj promocję,09-11-2025 14-00
150342,STAN Buraczki gotowane z cebulką i jabłkiem,400 g,Do koszyka,"6,45 zł",,Odbierz za 10 gr:  FRISCO FRESH Jabłka Szampion 4 szt. 800g. Przy zakupie wybranych warzyw i owoców za min. 50 zł.Aktywuj promocję,09-11-2025 14-00
26211,FRISCO FRESH Topinambur,~500 g,Do koszyka,"24,99 zł",,Odbierz za 10 gr:  FRISCO FRESH Jabłka Szampion 4 szt. 800g. Przy zakupie wybranych warzyw i owoców za min. 50 zł.Aktywuj promocję,09-11-2025 14-00
112927,FRISCO FRESH Brukiew,~1 kg,Do koszyka,"7,49 zł",,Odbierz za 10 gr:  FRISCO FRESH Jabłka Szampion 4 szt. 800g. Przy zakupie wybranych warzyw i owoców za min. 50 zł.Aktywuj promocję,09-11-2025 14-00
4042,FRISCO FRESH Brokuł,500 g,Do koszyka,"5,99 zł",,Odbierz za 10 gr:  FRISCO FRESH Jabłka Szampion 4 szt. 800g. Przy zakupie wybranych warzyw i owoców za min. 50 zł.Aktywuj promocję,09-11-2025 14-00
4091,FRISCO FRESH Kalarepa,200 g,Do koszyka,"4,49 zł",,Odbierz za 10 gr:  FRISCO FRESH Jabłka Szampion 4 szt. 800g. Przy zakupie wybranych warzyw i owoców za min. 50 zł.Aktywuj promocję,09-11-2025 14-00
4085,FRISCO FRESH Kalafior,600 g,Do koszyka,"9,99 zł",,Odbierz za 10 gr:  FRISCO FRESH Jabłka Szampion 4 szt. 800g. Przy zakupie wybranych warzyw i owoców za min. 50 zł.Aktywuj promocję,09-11-2025 14-00
88987,FIT&EASY Jarmuż myty,200 g,Do koszyka,"8,19 zł",,Odbierz za 10 gr:  FRISCO FRESH Jabłka Szampion 4 szt. 800g. Przy zakupie wybranych warzyw i owoców za min. 50 zł.Aktywuj promocję,09-11-2025 14-00
3167,FRISCO FRESH Kapusta pekińska krajowa 1 szt.,~1 kg,Do koszyka,"8,99 zł",,Odbierz za 10 gr:  FRISCO FRESH Jabłka Szampion 4 szt. 800g. Przy zakupie wybranych warzyw i owoców za min. 50 zł.Aktywuj promocję,09-11-2025 14-00
4108,FRISCO FRESH Kapusta czerwona krajowa 1 szt.,~2 kg,Do koszyka,"7,99 zł",,Odbierz za 10 gr:  FRISCO FRESH Jabłka Szampion 4 szt. 800g. Przy zakupie wybranych warzyw i owoców za min. 50 zł.Aktywuj promocję,09-11-2025 14-00
4072,FRISCO FRESH Kapusta biała,~3 kg,Do koszyka,"9,99 zł",,Odbierz za 10 gr:  FRISCO FRESH Jabłka Szampion 4 szt. 800g. Przy zakupie wybranych warzyw i owoców za min. 50 zł.Aktywuj promocję,09-11-2025 14-00
112923,FRISCO FRESH Rzepa czarna,~500 g,Do koszyka,"3,99 zł",,Odbierz za 10 gr:  FRISCO FRESH Jabłka Szampion 4 szt. 800g. Przy zakupie wybranych warzyw i owoców za min. 50 zł.Aktywuj promocję,09-11-2025 14-00
2374,FRISCO FRESH Włoszczyzna krajowa młoda pęczek,350 g,Do koszyka,"9,99 zł",,Odbierz za 10 gr:  FRISCO FRESH Jabłka Szampion 4 szt. 800g. Przy zakupie wybranych warzyw i owoców za min. 50 zł.Aktywuj promocję,09-11-2025 14-00
117641,FRISCO ORGANIC Jabłka świeże Gala BIO,~1 kg,Do koszyka,"14,99 zł",,Odbierz za 10 gr:  FRISCO FRESH Jabłka Szampion 4 szt. 800g. Przy zakupie wybranych warzyw i owoców za min. 50 zł.Aktywuj promocję,09-11-2025 14-00
47379,FRISCO FRESH Śliwki deserowe imp. 4 szt.,~500 g,Do koszyka,"9,99 zł",,Odbierz za 10 gr:  FRISCO FRESH Jabłka Szampion 4 szt. 800g. Przy zakupie wybranych warzyw i owoców za min. 50 zł.Aktywuj promocję,09-11-2025 14-00
4041,FRISCO FRESH Kiwi 3-5 szt.,~500 g,Do koszyka,"9,99 zł",,Odbierz za 10 gr:  FRISCO FRESH Jabłka Szampion 4 szt. 800g. Przy zakupie wybranych warzyw i owoców za min. 50 zł.Aktywuj promocję,09-11-2025 14-00
147225,FRISCO FRESH Kiwi sztuka,80 g,Zamienniki,0,0,Odbierz za 10 gr:  FRISCO FRESH Jabłka Szampion 4 szt. 800g. Przy zakupie wybranych warzyw i owoców za min. 50 zł.Aktywuj promocję,09-11-2025 14-00
81929,FRISCO ORGANIC Ogórek długi BIO,300 g,Do koszyka,"11,99 zł",,Odbierz za 10 gr:  FRISCO FRESH Jabłka Szampion 4 szt. 800g. Przy zakupie wybranych warzyw i owoców za min. 50 zł.Aktywuj promocję,09-11-2025 14-00
125163,CHARSZNICKIE Ogórki kiszone BIO,500 g,Do koszyka,"11,55 zł",,Odbierz za 10 gr:  FRISCO FRESH Jabłka Szampion 4 szt. 800g. Przy zakupie wybranych warzyw i owoców za min. 50 zł.Aktywuj promocję,09-11-2025 14-00
100179,FRISCO ORGANIC Borówka amerykańska BIO,125 g,Do koszyka,"19,99 zł",,Odbierz za 10 gr:  FRISCO FRESH Jabłka Szampion 4 szt. 800g. Przy zakupie wybranych warzyw i owoców za min. 50 zł.Aktywuj promocję,09-11-2025 14-00
11878,FRISCO ORGANIC Marchew świeża BIO,1 kg,Do koszyka,"9,99 zł",,Odbierz za 10 gr:  FRISCO FRESH Jabłka Szampion 4 szt. 800g. Przy zakupie wybranych warzyw i owoców za min. 50 zł.Aktywuj promocję,09-11-2025 14-00
81919,FRISCO ORGANIC Avocado BIO 2 szt.,260 g,Do koszyka,"14,99 zł",,Odbierz za 10 gr:  FRISCO FRESH Jabłka Szampion 4 szt. 800g. Przy zakupie wybranych warzyw i owoców za min. 50 zł.Aktywuj promocję,09-11-2025 14-00
2999,FRISCO FRESH Szczypiorek - pęczek,25 g,Do koszyka,"2,99 zł",,Odbierz za 10 gr:  FRISCO FRESH Jabłka Szampion 4 szt. 800g. Przy zakupie wybranych warzyw i owoców za min. 50 zł.Aktywuj promocję,09-11-2025 14-00
3865,FRISCO FRESH Koperek - pęczek,25 g,Do koszyka,"2,99 zł",,Odbierz za 10 gr:  FRISCO FRESH Jabłka Szampion 4 szt. 800g. Przy zakupie wybranych warzyw i owoców za min. 50 zł.Aktywuj promocję,09-11-2025 14-00
3617,FRISCO FRESH Natka pietruszki - pęczek,25 g,Do koszyka,"2,99 zł",,Odbierz za 10 gr:  FRISCO FRESH Jabłka Szampion 4 szt. 800g. Przy zakupie wybranych warzyw i owoców za min. 50 zł.Aktywuj promocję,09-11-2025 14-00
148545,POKARM ŻYCIA Pietruszka XL,1 szt,Do koszyka,"9,35 zł",,Odbierz za 10 gr:  FRISCO FRESH Jabłka Szampion 4 szt. 800g. Przy zakupie wybranych warzyw i owoców za min. 50 zł.Aktywuj promocję,09-11-2025 14-00
146167,POKARM ŻYCIA Zioła Bazylia XXL- duża doniczka,1 szt,Do koszyka,"9,99 zł",,Odbierz za 10 gr:  FRISCO FRESH Jabłka Szampion 4 szt. 800g. Przy zakupie wybranych warzyw i owoców za min. 50 zł.Aktywuj promocję,09-11-2025 14-00
148538,POKARM ŻYCIA Kolendra XL,1 szt,Do koszyka,"9,35 zł",,Odbierz za 10 gr:  FRISCO FRESH Jabłka Szampion 4 szt. 800g. Przy zakupie wybranych warzyw i owoców za min. 50 zł.Aktywuj promocję,09-11-2025 14-00
148547,POKARM ŻYCIA Tymianek XL,1 szt,Do koszyka,"9,59 zł",,Odbierz za 10 gr:  FRISCO FRESH Jabłka Szampion 4 szt. 800g. Przy zakupie wybranych warzyw i owoców za min. 50 zł.Aktywuj promocję,09-11-2025 14-00
148551,POKARM ŻYCIA Rozmaryn XL,1 szt,Do koszyka,"8,55 zł",,Odbierz za 10 gr:  FRISCO FRESH Jabłka Szampion 4 szt. 800g. Przy zakupie wybranych warzyw i owoców za min. 50 zł.Aktywuj promocję,09-11-2025 14-00
148540,POKARM ŻYCIA Lubczyk XL,1 szt,Do koszyka,"9,35 zł",,Odbierz za 10 gr:  FRISCO FRESH Jabłka Szampion 4 szt. 800g. Przy zakupie wybranych warzyw i owoców za min. 50 zł.Aktywuj promocję,09-11-2025 14-00
148543,POKARM ŻYCIA Oregano XL,1 szt,Do koszyka,"9,35 zł",,Odbierz za 10 gr:  FRISCO FRESH Jabłka Szampion 4 szt. 800g. Przy zakupie wybranych warzyw i owoców za min. 50 zł.Aktywuj promocję,09-11-2025 14-00
146168,POKARM ŻYCIA Zioła Mięta XXL,1 szt,Zamienniki,0,0,Odbierz za 10 gr:  FRISCO FRESH Jabłka Szampion 4 szt. 800g. Przy zakupie wybranych warzyw i owoców za min. 50 zł.Aktywuj promocję,09-11-2025 14-00
41809,FIT&EASY Szpinak myty,200 g,Do koszyka,"7,99 zł",,Odbierz za 10 gr:  FRISCO FRESH Jabłka Szampion 4 szt. 800g. Przy zakupie wybranych warzyw i owoców za min. 50 zł.Aktywuj promocję,09-11-2025 14-00
6501,MIOORTO Szpinak Baby,125 g,Do koszyka,"6,49 zł",,Odbierz za 10 gr:  FRISCO FRESH Jabłka Szampion 4 szt. 800g. Przy zakupie wybranych warzyw i owoców za min. 50 zł.Aktywuj promocję,09-11-2025 14-00
47699,MIOORTO Rukola,100 g,Do koszyka,"5,99 zł",,Odbierz za 10 gr:  FRISCO FRESH Jabłka Szampion 4 szt. 800g. Przy zakupie wybranych warzyw i owoców za min. 50 zł.Aktywuj promocję,09-11-2025 14-00
14664,FIT&EASY Rukola,100 g,Zamienniki,0,0,Odbierz za 10 gr:  FRISCO FRESH Jabłka Szampion 4 szt. 800g. Przy zakupie wybranych warzyw i owoców za min. 50 zł.Aktywuj promocję,09-11-2025 14-00
110879,FRISCO FRESH Sałata rzymska mini 2-3 szt,200 g,Do koszyka,"6,99 zł",,Odbierz za 10 gr:  FRISCO FRESH Jabłka Szampion 4 szt. 800g. Przy zakupie wybranych warzyw i owoców za min. 50 zł.Aktywuj promocję,09-11-2025 14-00
3495,FRISCO FRESH Sałata masłowa,180 g,Do koszyka,"4,99 zł",,Odbierz za 10 gr:  FRISCO FRESH Jabłka Szampion 4 szt. 800g. Przy zakupie wybranych warzyw i owoców za min. 50 zł.Aktywuj promocję,09-11-2025 14-00
3497,FRISCO FRESH Sałata lodowa,300 g,Do koszyka,"4,99 zł",,Odbierz za 10 gr:  FRISCO FRESH Jabłka Szampion 4 szt. 800g. Przy zakupie wybranych warzyw i owoców za min. 50 zł.Aktywuj promocję,09-11-2025 14-00
3493,FRISCO FRESH Sałata rzymska,180 g,Do koszyka,"6,99 zł",,Odbierz za 10 gr:  FRISCO FRESH Jabłka Szampion 4 szt. 800g. Przy zakupie wybranych warzyw i owoców za min. 50 zł.Aktywuj promocję,09-11-2025 14-00
3500,FRISCO FRESH Sałata karbowana zielona,150 g,Do koszyka,"7,99 zł",,Odbierz za 10 gr:  FRISCO FRESH Jabłka Szampion 4 szt. 800g. Przy zakupie wybranych warzyw i owoców za min. 50 zł.Aktywuj promocję,09-11-2025 14-00
47693,MIOORTO Roszponka,100 g,Zamienniki,0,0,Odbierz za 10 gr:  FRISCO FRESH Jabłka Szampion 4 szt. 800g. Przy zakupie wybranych warzyw i owoców za min. 50 zł.Aktywuj promocję,09-11-2025 14-00
14665,FIT&EASY Sałata Roszponka,100 g,Zamienniki,0,0,Odbierz za 10 gr:  FRISCO FRESH Jabłka Szampion 4 szt. 800g. Przy zakupie wybranych warzyw i owoców za min. 50 zł.Aktywuj promocję,09-11-2025 14-00
16510,FIT&EASY Sałata mix - Weekend,150 g,Do koszyka,"6,99 zł",,Odbierz za 10 gr:  FRISCO FRESH Jabłka Szampion 4 szt. 800g. Przy zakupie wybranych warzyw i owoców za min. 50 zł.Aktywuj promocję,09-11-2025 14-00
139774,FIT&EASY Mix sałat Family,200 g,Do koszyka,"7,49 zł",,Odbierz za 10 gr:  FRISCO FRESH Jabłka Szampion 4 szt. 800g. Przy zakupie wybranych warzyw i owoców za min. 50 zł.Aktywuj promocję,09-11-2025 14-00
139773,FIT&EASY Mix sałat Party,150 g,Do koszyka,"7,49 zł",,Odbierz za 10 gr:  FRISCO FRESH Jabłka Szampion 4 szt. 800g. Przy zakupie wybranych warzyw i owoców za min. 50 zł.Aktywuj promocję,09-11-2025 14-00
139776,FIT&EASY Mix sałat Intense,150 g,Do koszyka,"6,99 zł",,Odbierz za 10 gr:  FRISCO FRESH Jabłka Szampion 4 szt. 800g. Przy zakupie wybranych warzyw i owoców za min. 50 zł.Aktywuj promocję,09-11-2025 14-00
131951,FIT&EASY Mix z czerwoną kapustą,250 g,Do koszyka,"5,65 zł",,Odbierz za 10 gr:  FRISCO FRESH Jabłka Szampion 4 szt. 800g. Przy zakupie wybranych warzyw i owoców za min. 50 zł.Aktywuj promocję,09-11-2025 14-00
139775,FIT&EASY Mix sałat Active,150 g,Do koszyka,"7,49 zł",,Odbierz za 10 gr:  FRISCO FRESH Jabłka Szampion 4 szt. 800g. Przy zakupie wybranych warzyw i owoców za min. 50 zł.Aktywuj promocję,09-11-2025 14-00
47689,MIOORTO Sałata mix Fantazja,150 g,Do koszyka,"6,49 zł",,Odbierz za 10 gr:  FRISCO FRESH Jabłka Szampion 4 szt. 800g. Przy zakupie wybranych warzyw i owoców za min. 50 zł.Aktywuj promocję,09-11-2025 14-00
133424,FIT&EASY Mix sałat ze szpinakiem,150 g,Zamienniki,0,0,Odbierz za 10 gr:  FRISCO FRESH Jabłka Szampion 4 szt. 800g. Przy zakupie wybranych warzyw i owoców za min. 50 zł.Aktywuj promocję,09-11-2025 14-00
131948,FIT&EASY Mix sałatkowy młodych listków - Romantica,75 g,Zamienniki,0,0,Odbierz za 10 gr:  FRISCO FRESH Jabłka Szampion 4 szt. 800g. Przy zakupie wybranych warzyw i owoców za min. 50 zł.Aktywuj promocję,09-11-2025 14-00
131950,FIT&EASY Mix z białą kapustą,250 g,Zamienniki,0,0,Odbierz za 10 gr:  FRISCO FRESH Jabłka Szampion 4 szt. 800g. Przy zakupie wybranych warzyw i owoców za min. 50 zł.Aktywuj promocję,09-11-2025 14-00
109605,FIT&EASY Active Duopack 2x50g,100 g,Zamienniki,0,0,Odbierz za 10 gr:  FRISCO FRESH Jabłka Szampion 4 szt. 800g. Przy zakupie wybranych warzyw i owoców za min. 50 zł.Aktywuj promocję,09-11-2025 14-00
2487,POKARM ŻYCIA Kiełki rzodkiewki,50 g,Do koszyka,"4,45 zł",,Odbierz za 10 gr:  FRISCO FRESH Jabłka Szampion 4 szt. 800g. Przy zakupie wybranych warzyw i owoców za min. 50 zł.Aktywuj promocję,09-11-2025 14-00
4253,POKARM ŻYCIA Kiełki słonecznika,50 g,Do koszyka,"6,19 zł",,Odbierz za 10 gr:  FRISCO FRESH Jabłka Szampion 4 szt. 800g. Przy zakupie wybranych warzyw i owoców za min. 50 zł.Aktywuj promocję,09-11-2025 14-00
2466,POKARM ŻYCIA Kiełki lucerny,50 g,Do koszyka,"4,45 zł",,Odbierz za 10 gr:  FRISCO FRESH Jabłka Szampion 4 szt. 800g. Przy zakupie wybranych warzyw i owoców za min. 50 zł.Aktywuj promocję,09-11-2025 14-00
85937,POKARM ŻYCIA Kiełki soczewicy,150 g,Do koszyka,"5,49 zł",,Odbierz za 10 gr:  FRISCO FRESH Jabłka Szampion 4 szt. 800g. Przy zakupie wybranych warzyw i owoców za min. 50 zł.Aktywuj promocję,09-11-2025 14-00
10152,POKARM ŻYCIA Kiełki na patelnię - Stir Fry,200 g,Do koszyka,"6,55 zł",,Odbierz za 10 gr:  FRISCO FRESH Jabłka Szampion 4 szt. 800g. Przy zakupie wybranych warzyw i owoców za min. 50 zł.Aktywuj promocję,09-11-2025 14-00
82233,POKARM ŻYCIA Kiełki DUO - Rzodkiewka i Brokuł,70 g,Do koszyka,"5,79 zł",,Odbierz za 10 gr:  FRISCO FRESH Jabłka Szampion 4 szt. 800g. Przy zakupie wybranych warzyw i owoców za min. 50 zł.Aktywuj promocję,09-11-2025 14-00
139713,POKARM ŻYCIA Kiełki jarmużu i kalarepy,50 g,Do koszyka,"6,15 zł",,Odbierz za 10 gr:  FRISCO FRESH Jabłka Szampion 4 szt. 800g. Przy zakupie wybranych warzyw i owoców za min. 50 zł.Aktywuj promocję,09-11-2025 14-00
4254,POKARM ŻYCIA Kiełki brokuła,50 g,Do koszyka,"6,55 zł",,Odbierz za 10 gr:  FRISCO FRESH Jabłka Szampion 4 szt. 800g. Przy zakupie wybranych warzyw i owoców za min. 50 zł.Aktywuj promocję,09-11-2025 14-00
95167,POKARM ŻYCIA Kiełki jarmużu,50 g,Do koszyka,"6,55 zł",,Odbierz za 10 gr:  FRISCO FRESH Jabłka Szampion 4 szt. 800g. Przy zakupie wybranych warzyw i owoców za min. 50 zł.Aktywuj promocję,09-11-2025 14-00
3971,POKARM ŻYCIA Kiełki fasoli Mung,150 g,Zamienniki,0,0,Odbierz za 10 gr:  FRISCO FRESH Jabłka Szampion 4 szt. 800g. Przy zakupie wybranych warzyw i owoców za min. 50 zł.Aktywuj promocję,09-11-2025 14-00
115493,POKARM ŻYCIA Kiełki pora,35 g,Zamienniki,0,0,Odbierz za 10 gr:  FRISCO FRESH Jabłka Szampion 4 szt. 800g. Przy zakupie wybranych warzyw i owoców za min. 50 zł.Aktywuj promocję,09-11-2025 14-00
152094,POKARM ŻYCIA Mikroliście groszku,20 g,Do koszyka,"6,69 zł",,Odbierz za 10 gr:  FRISCO FRESH Jabłka Szampion 4 szt. 800g. Przy zakupie wybranych warzyw i owoców za min. 50 zł.Aktywuj promocję,09-11-2025 14-00
152093,POKARM ŻYCIA Mikroliście soczewicy,20 g,Do koszyka,"7,79 zł",,Odbierz za 10 gr:  FRISCO FRESH Jabłka Szampion 4 szt. 800g. Przy zakupie wybranych warzyw i owoców za min. 50 zł.Aktywuj promocję,09-11-2025 14-00
152092,POKARM ŻYCIA Mikroliście rukoli,20 g,Do koszyka,"7,79 zł",,Odbierz za 10 gr:  FRISCO FRESH Jabłka Szampion 4 szt. 800g. Przy zakupie wybranych warzyw i owoców za min. 50 zł.Aktywuj promocję,09-11-2025 14-00
152104,POKARM ŻYCIA Mikroliście mizuny,20 g,Do koszyka,"7,79 zł",,Odbierz za 10 gr:  FRISCO FRESH Jabłka Szampion 4 szt. 800g. Przy zakupie wybranych warzyw i owoców za min. 50 zł.Aktywuj promocję,09-11-2025 14-00
152091,POKARM ŻYCIA Mikroliście kalarepy,20 g,Do koszyka,"7,79 zł",,Odbierz za 10 gr:  FRISCO FRESH Jabłka Szampion 4 szt. 800g. Przy zakupie wybranych warzyw i owoców za min. 50 zł.Aktywuj promocję,09-11-2025 14-00
152089,POKARM ŻYCIA Mikroliście amarantusa,20 g,Zamienniki,0,0,Odbierz za 10 gr:  FRISCO FRESH Jabłka Szampion 4 szt. 800g. Przy zakupie wybranych warzyw i owoców za min. 50 zł.Aktywuj promocję,09-11-2025 14-00
146596,FRISCO ORGANIC Kiwi świeże BIO 2-3 szt. tacka,180 g,Do koszyka,"7,99 zł",,Odbierz za 10 gr:  FRISCO FRESH Jabłka Szampion 4 szt. 800g. Przy zakupie wybranych warzyw i owoców za min. 50 zł.Aktywuj promocję,09-11-2025 14-00
43607,FRISCO ORGANIC Pomidory koktajlowe MIX BIO,250 g,Do koszyka,"16,99 zł",,Odbierz za 10 gr:  FRISCO FRESH Jabłka Szampion 4 szt. 800g. Przy zakupie wybranych warzyw i owoców za min. 50 zł.Aktywuj promocję,09-11-2025 14-00
43661,FRISCO ORGANIC Cukinia zielona BIO tacka,~600 g,Do koszyka,"14,99 zł",,Odbierz za 10 gr:  FRISCO FRESH Jabłka Szampion 4 szt. 800g. Przy zakupie wybranych warzyw i owoców za min. 50 zł.Aktywuj promocję,09-11-2025 14-00
92781,FIT&EASY Rukola BIO,80 g,Zamienniki,0,0,Odbierz za 10 gr:  FRISCO FRESH Jabłka Szampion 4 szt. 800g. Przy zakupie wybranych warzyw i owoców za min. 50 zł.Aktywuj promocję,09-11-2025 14-00
89699,FRISCO ORGANIC Dynia Hokkaido BIO,~1 kg,Zamienniki,0,0,Odbierz za 10 gr:  FRISCO FRESH Jabłka Szampion 4 szt. 800g. Przy zakupie wybranych warzyw i owoców za min. 50 zł.Aktywuj promocję,09-11-2025 14-00
43629,FRISCO ORGANIC Włoszczyzna BIO,500 g,Do koszyka,"14,99 zł",,Odbierz za 10 gr:  FRISCO FRESH Jabłka Szampion 4 szt. 800g. Przy zakupie wybranych warzyw i owoców za min. 50 zł.Aktywuj promocję,09-11-2025 14-00
144354,EKO WITAL Buraki gotowane BIO,500 g,Do koszyka,"4,99 zł *","6,99 zł",Odbierz za 10 gr:  FRISCO FRESH Jabłka Szampion 4 szt. 800g. Przy zakupie wybranych warzyw i owoców za min. 50 zł.Aktywuj promocję,09-11-2025 14-00
43597,FRISCO ORGANIC Czosnek BIO,200 g,Do koszyka,"17,99 zł",,Odbierz za 10 gr:  FRISCO FRESH Jabłka Szampion 4 szt. 800g. Przy zakupie wybranych warzyw i owoców za min. 50 zł.Aktywuj promocję,09-11-2025 14-00
81913,FRISCO ORGANIC Pomidory gałązka BIO 4-5szt.,~500 g,Do koszyka,"19,99 zł",,Odbierz za 10 gr:  FRISCO FRESH Jabłka Szampion 4 szt. 800g. Przy zakupie wybranych warzyw i owoców za min. 50 zł.Aktywuj promocję,09-11-2025 14-00
149825,Dominik Kapusta Kiszona z Marchewką,1 kg,Do koszyka,"8,99 zł",,Odbierz za 10 gr:  FRISCO FRESH Jabłka Szampion 4 szt. 800g. Przy zakupie wybranych warzyw i owoców za min. 50 zł.Aktywuj promocję,09-11-2025 14-00
96341,FRISCO FRESH Mango Ready to Eat,375 g,Do koszyka,"6,99 zł/szt. *","8,99 zł1 szt. za",Przy zakupie 2 szt.Aktywuj promocję,09-11-2025 14-00
3620,FRISCO FRESH Mango duże,425 g,Do koszyka,"9,99 zł",,Odbierz za 10 gr:  FRISCO FRESH Jabłka Szampion 4 szt. 800g. Przy zakupie wybranych warzyw i owoców za min. 50 zł.Aktywuj promocję,09-11-2025 14-00
4083,FRISCO FRESH Marakuja ciemna,45 g,Do koszyka,"1,99 zł/szt. *","3,99 zł1 szt. za",Przy zakupie 2 szt.Aktywuj promocję,09-11-2025 14-00
4084,FRISCO FRESH Granat,220 g,Do koszyka,"7,99 zł",,Odbierz za 10 gr:  FRISCO FRESH Jabłka Szampion 4 szt. 800g. Przy zakupie wybranych warzyw i owoców za min. 50 zł.Aktywuj promocję,09-11-2025 14-00
4112,FRISCO FRESH Figi świeże extra 2 szt.,80 g,Do koszyka,"9,99 zł",,Odbierz za 10 gr:  FRISCO FRESH Jabłka Szampion 4 szt. 800g. Przy zakupie wybranych warzyw i owoców za min. 50 zł.Aktywuj promocję,09-11-2025 14-00
4074,FRISCO FRESH Dragon fruit czerwony,275 g,Do koszyka,"24,99 zł",,Odbierz za 10 gr:  FRISCO FRESH Jabłka Szampion 4 szt. 800g. Przy zakupie wybranych warzyw i owoców za min. 50 zł.Aktywuj promocję,09-11-2025 14-00
87181,FRISCO FRESH Papaja (kaliber 8-9),350 g,Zamienniki,0,0,Odbierz za 10 gr:  FRISCO FRESH Jabłka Szampion 4 szt. 800g. Przy zakupie wybranych warzyw i owoców za min. 50 zł.Aktywuj promocję,09-11-2025 14-00
3613,FRISCO FRESH Physalis (Miechunka),100 g,Do koszyka,"7,99 zł",,Odbierz za 10 gr:  FRISCO FRESH Jabłka Szampion 4 szt. 800g. Przy zakupie wybranych warzyw i owoców za min. 50 zł.Aktywuj promocję,09-11-2025 14-00
4096,FRISCO FRESH Karambola,95 g,Do koszyka,"11,99 zł",,Odbierz za 10 gr:  FRISCO FRESH Jabłka Szampion 4 szt. 800g. Przy zakupie wybranych warzyw i owoców za min. 50 zł.Aktywuj promocję,09-11-2025 14-00
3456,FRISCO FRESH Kokos,425 g,Do koszyka,"5,99 zł",,Odbierz za 10 gr:  FRISCO FRESH Jabłka Szampion 4 szt. 800g. Przy zakupie wybranych warzyw i owoców za min. 50 zł.Aktywuj promocję,09-11-2025 14-00
99023,FRISCO FRESH Rambutan,~200 g,Do koszyka,"21,99 zł",,Odbierz za 10 gr:  FRISCO FRESH Jabłka Szampion 4 szt. 800g. Przy zakupie wybranych warzyw i owoców za min. 50 zł.Aktywuj promocję,09-11-2025 14-00
96223,FRISCO ORGANIC Szpinak BIO,100 g,Do koszyka,"9,99 zł",,Odbierz za 10 gr:  FRISCO FRESH Jabłka Szampion 4 szt. 800g. Przy zakupie wybranych warzyw i owoców za min. 50 zł.Aktywuj promocję,09-11-2025 14-00
96203,FRISCO ORGANIC Cebula dymka BIO,40 g,Do koszyka,"7,99 zł",,Odbierz za 10 gr:  FRISCO FRESH Jabłka Szampion 4 szt. 800g. Przy zakupie wybranych warzyw i owoców za min. 50 zł.Aktywuj promocję,09-11-2025 14-00
47513,FRISCO ORGANIC Ziemniaki czerwone świeże BIO,~2 kg,Do koszyka,"14,99 zł",,Odbierz za 10 gr:  FRISCO FRESH Jabłka Szampion 4 szt. 800g. Przy zakupie wybranych warzyw i owoców za min. 50 zł.Aktywuj promocję,09-11-2025 14-00
81917,FRISCO ORGANIC Papryka czerwona BIO,~500 g,Do koszyka,"14,99 zł",,Odbierz za 10 gr:  FRISCO FRESH Jabłka Szampion 4 szt. 800g. Przy zakupie wybranych warzyw i owoców za min. 50 zł.Aktywuj promocję,09-11-2025 14-00
142194,STAN Buraczki gotowane całe BIO,500 g,Do koszyka,"6,95 zł",,Odbierz za 10 gr:  FRISCO FRESH Jabłka Szampion 4 szt. 800g. Przy zakupie wybranych warzyw i owoców za min. 50 zł.Aktywuj promocję,09-11-2025 14-00
103735,FIT&EASY Szpinak Baby BIO,150 g,Do koszyka,"9,65 zł",,Odbierz za 10 gr:  FRISCO FRESH Jabłka Szampion 4 szt. 800g. Przy zakupie wybranych warzyw i owoców za min. 50 zł.Aktywuj promocję,09-11-2025 14-00
48613,FRISCO ORGANIC Mango BIO,300 g,Do koszyka,"12,99 zł",,Odbierz za 10 gr:  FRISCO FRESH Jabłka Szampion 4 szt. 800g. Przy zakupie wybranych warzyw i owoców za min. 50 zł.Aktywuj promocję,09-11-2025 14-00
4081,FRISCO FRESH Fasolka krajowa szparagowa żółta,~500 g,Do koszyka,"14,99 zł",,Odbierz za 10 gr:  FRISCO FRESH Jabłka Szampion 4 szt. 800g. Przy zakupie wybranych warzyw i owoców za min. 50 zł.Aktywuj promocję,09-11-2025 14-00
12039,FRISCO FRESH Fasolka kenijska,250 g,Do koszyka,"14,99 zł",,Odbierz za 10 gr:  FRISCO FRESH Jabłka Szampion 4 szt. 800g. Przy zakupie wybranych warzyw i owoców za min. 50 zł.Aktywuj promocję,09-11-2025 14-00
3418,FRISCO FRESH Szparagi zielone-pęczek,450 g,Do koszyka,"32,99 zł",,Odbierz za 10 gr:  FRISCO FRESH Jabłka Szampion 4 szt. 800g. Przy zakupie wybranych warzyw i owoców za min. 50 zł.Aktywuj promocję,09-11-2025 14-00
26231,FRISCO FRESH Skorzonera,~500 g,Do koszyka,"14,99 zł",,Odbierz za 10 gr:  FRISCO FRESH Jabłka Szampion 4 szt. 800g. Przy zakupie wybranych warzyw i owoców za min. 50 zł.Aktywuj promocję,09-11-2025 14-00
4098,FRISCO FRESH Karczoch,275 g,Zamienniki,0,0,Odbierz za 10 gr:  FRISCO FRESH Jabłka Szampion 4 szt. 800g. Przy zakupie wybranych warzyw i owoców za min. 50 zł.Aktywuj promocję,09-11-2025 14-00
10367,FRISCO ORGANIC Cebula BIO,~1 kg,Zamienniki,0,0,Odbierz za 10 gr:  FRISCO FRESH Jabłka Szampion 4 szt. 800g. Przy zakupie wybranych warzyw i owoców za min. 50 zł.Aktywuj promocję,09-11-2025 14-00
11784,FRISCO ORGANIC Brokuły BIO,400 g,Do koszyka,"19,99 zł",,Odbierz za 10 gr:  FRISCO FRESH Jabłka Szampion 4 szt. 800g. Przy zakupie wybranych warzyw i owoców za min. 50 zł.Aktywuj promocję,09-11-2025 14-00
13968,FRISCO ORGANIC Gruszki BIO,~600 g,Do koszyka,"12,99 zł",,Odbierz za 10 gr:  FRISCO FRESH Jabłka Szampion 4 szt. 800g. Przy zakupie wybranych warzyw i owoców za min. 50 zł.Aktywuj promocję,09-11-2025 14-00
124079,STAN Ogórki kiszone,700 g,Do koszyka,"4,99 zł",,Odbierz za 10 gr:  FRISCO FRESH Jabłka Szampion 4 szt. 800g. Przy zakupie wybranych warzyw i owoców za min. 50 zł.Aktywuj promocję,09-11-2025 14-00
12041,FRISCO FRESH Ogórki kiszone krajowe,400 g,Do koszyka,"13,99 zł",,Odbierz za 10 gr:  FRISCO FRESH Jabłka Szampion 4 szt. 800g. Przy zakupie wybranych warzyw i owoców za min. 50 zł.Aktywuj promocję,09-11-2025 14-00
124077,STAN Kapusta kiszona,1 kg,Do koszyka,"4,39 zł",,Odbierz za 10 gr:  FRISCO FRESH Jabłka Szampion 4 szt. 800g. Przy zakupie wybranych warzyw i owoców za min. 50 zł.Aktywuj promocję,09-11-2025 14-00
142195,STAN Ciecierzyca gotowana cała,300 g,Do koszyka,"6,85 zł",,Odbierz za 10 gr:  FRISCO FRESH Jabłka Szampion 4 szt. 800g. Przy zakupie wybranych warzyw i owoców za min. 50 zł.Aktywuj promocję,09-11-2025 14-00
133571,OLD FRIENDS KIMCHI Classic Spicy,250 g,Do koszyka,"14,75 zł",,Odbierz za 10 gr:  FRISCO FRESH Jabłka Szampion 4 szt. 800g. Przy zakupie wybranych warzyw i owoców za min. 50 zł.Aktywuj promocję,09-11-2025 14-00
133570,OLD FRIENDS KIMCHI Classic Mild,250 g,Do koszyka,"14,75 zł",,Odbierz za 10 gr:  FRISCO FRESH Jabłka Szampion 4 szt. 800g. Przy zakupie wybranych warzyw i owoców za min. 50 zł.Aktywuj promocję,09-11-2025 14-00
133569,OLD FRIENDS KIMCHI Vegan Mild,250 g,Do koszyka,"14,99 zł",,Odbierz za 10 gr:  FRISCO FRESH Jabłka Szampion 4 szt. 800g. Przy zakupie wybranych warzyw i owoców za min. 50 zł.Aktywuj promocję,09-11-2025 14-00
144845,OLD FRIENDS Kimchi Spicy Rzodkiew,300 g,Do koszyka,"20,45 zł",,Odbierz za 10 gr:  FRISCO FRESH Jabłka Szampion 4 szt. 800g. Przy zakupie wybranych warzyw i owoców za min. 50 zł.Aktywuj promocję,09-11-2025 14-00
41737,FRISCO ORGANIC Boczniaki BIO,200 g,Do koszyka,"9,99 zł *","13,49 zł",Odbierz za 10 gr:  FRISCO FRESH Jabłka Szampion 4 szt. 800g. Przy zakupie wybranych warzyw i owoców za min. 50 zł.Aktywuj promocję,09-11-2025 14-00
106495,FRISCO ORGANIC Mix świeżych sałat BIO,100 g,Zamienniki,0,0,Odbierz za 10 gr:  FRISCO FRESH Jabłka Szampion 4 szt. 800g. Przy zakupie wybranych warzyw i owoców za min. 50 zł.Aktywuj promocję,09-11-2025 14-00
8088,FRISCO ORGANIC Cytryny BIO,~500 g,Do koszyka,"19,99 zł",,Odbierz za 10 gr:  FRISCO FRESH Jabłka Szampion 4 szt. 800g. Przy zakupie wybranych warzyw i owoców za min. 50 zł.Aktywuj promocję,09-11-2025 14-00
134360,FRISCO ORGANIC Papryka długa BIO (500g-700g),~600 g,Do koszyka,"29,99 zł",,Odbierz za 10 gr:  FRISCO FRESH Jabłka Szampion 4 szt. 800g. Przy zakupie wybranych warzyw i owoców za min. 50 zł.Aktywuj promocję,09-11-2025 14-00
11874,FRISCO ORGANIC Kiwi BIO 6-7 szt.,~500 g,Do koszyka,"14,99 zł *","17,99 zł",Odbierz za 10 gr:  FRISCO FRESH Jabłka Szampion 4 szt. 800g. Przy zakupie wybranych warzyw i owoców za min. 50 zł.Aktywuj promocję,09-11-2025 14-00
147325,FRISCO ORGANIC Rukola świeża niemyta BIO,100 g,Do koszyka,"8,99 zł",,Odbierz za 10 gr:  FRISCO FRESH Jabłka Szampion 4 szt. 800g. Przy zakupie wybranych warzyw i owoców za min. 50 zł.Aktywuj promocję,09-11-2025 14-00
43593,FRISCO ORGANIC Pietruszka BIO,~500 g,Do koszyka,"9,99 zł",,Odbierz za 10 gr:  FRISCO FRESH Jabłka Szampion 4 szt. 800g. Przy zakupie wybranych warzyw i owoców za min. 50 zł.Aktywuj promocję,09-11-2025 14-00
71346,FRISCO ORGANIC Bakłażan BIO,~600 g,Do koszyka,"14,99 zł",,Odbierz za 10 gr:  FRISCO FRESH Jabłka Szampion 4 szt. 800g. Przy zakupie wybranych warzyw i owoców za min. 50 zł.Aktywuj promocję,09-11-2025 14-00
11884,FRISCO ORGANIC Pieczarki brązowe BIO,~250 g,Do koszyka,"14,99 zł",,Odbierz za 10 gr:  FRISCO FRESH Jabłka Szampion 4 szt. 800g. Przy zakupie wybranych warzyw i owoców za min. 50 zł.Aktywuj promocję,09-11-2025 14-00
124075,STAN Ogórki kiszone BIO,400 g,Do koszyka,"8,55 zł",,Odbierz za 10 gr:  FRISCO FRESH Jabłka Szampion 4 szt. 800g. Przy zakupie wybranych warzyw i owoców za min. 50 zł.Aktywuj promocję,09-11-2025 14-00
117643,FRISCO ORGANIC Jabłka świeże Golden BIO,~1 kg,Do koszyka,"14,99 zł",,Odbierz za 10 gr:  FRISCO FRESH Jabłka Szampion 4 szt. 800g. Przy zakupie wybranych warzyw i owoców za min. 50 zł.Aktywuj promocję,09-11-2025 14-00
102645,FRISCO ORGANIC Pieczarki białe świeże BIO (tacka 250g) 1szt.,1 szt,Do koszyka,"14,99 zł",,Odbierz za 10 gr:  FRISCO FRESH Jabłka Szampion 4 szt. 800g. Przy zakupie wybranych warzyw i owoców za min. 50 zł.Aktywuj promocję,09-11-2025 14-00
117639,FRISCO ORGANIC Jabłka świeże Galmac BIO,~1 kg,Do koszyka,"14,99 zł",,Odbierz za 10 gr:  FRISCO FRESH Jabłka Szampion 4 szt. 800g. Przy zakupie wybranych warzyw i owoców za min. 50 zł.Aktywuj promocję,09-11-2025 14-00
3433,FRISCO FRESH Pieczarki białe - opakowanie,500 g,Do koszyka,"7,99 zł",,Odbierz za 10 gr:  FRISCO FRESH Jabłka Szampion 4 szt. 800g. Przy zakupie wybranych warzyw i owoców za min. 50 zł.Aktywuj promocję,09-11-2025 14-00
107987,FRISCO FRESH Grzyby Shimeji,150 g,Do koszyka,"6,99 zł",,Odbierz za 10 gr:  FRISCO FRESH Jabłka Szampion 4 szt. 800g. Przy zakupie wybranych warzyw i owoców za min. 50 zł.Aktywuj promocję,09-11-2025 14-00
110113,FRISCO FRESH Grzyby Enoki,100 g,Do koszyka,"7,99 zł",,Odbierz za 10 gr:  FRISCO FRESH Jabłka Szampion 4 szt. 800g. Przy zakupie wybranych warzyw i owoców za min. 50 zł.Aktywuj promocję,09-11-2025 14-00
109713,BORY NAD MROGĄ Borowik krajowy suszony,40 g,Do koszyka,"21,29 zł",,Odbierz za 10 gr:  FRISCO FRESH Jabłka Szampion 4 szt. 800g. Przy zakupie wybranych warzyw i owoców za min. 50 zł.Aktywuj promocję,09-11-2025 14-00
109711,TAGROS Borowik krajowy suszony,25 g,Do koszyka,"13,99 zł",,Odbierz za 10 gr:  FRISCO FRESH Jabłka Szampion 4 szt. 800g. Przy zakupie wybranych warzyw i owoców za min. 50 zł.Aktywuj promocję,09-11-2025 14-00
14588,HOUSE OF ASIA Grzyby Mun krojone (suszone),30 g,Do koszyka,"6,49 zł",,Odbierz za 10 gr:  FRISCO FRESH Jabłka Szampion 4 szt. 800g. Przy zakupie wybranych warzyw i owoców za min. 50 zł.Aktywuj promocję,09-11-2025 14-00
109717,BORY NAD MROGĄ Podgrzybek krajowy suszony,40 g,Do koszyka,"20,49 zł",,Odbierz za 10 gr:  FRISCO FRESH Jabłka Szampion 4 szt. 800g. Przy zakupie wybranych warzyw i owoców za min. 50 zł.Aktywuj promocję,09-11-2025 14-00
149908,TAGROS Borowik krojony suszony,80 g,Do koszyka,"35,99 zł",,Odbierz za 10 gr:  FRISCO FRESH Jabłka Szampion 4 szt. 800g. Przy zakupie wybranych warzyw i owoców za min. 50 zł.Aktywuj promocję,09-11-2025 14-00
149910,TAGROS Koźlarz krojony suszony,25 g,Do koszyka,"8,99 zł",,Odbierz za 10 gr:  FRISCO FRESH Jabłka Szampion 4 szt. 800g. Przy zakupie wybranych warzyw i owoców za min. 50 zł.Aktywuj promocję,09-11-2025 14-00
14586,HOUSE OF ASIA Grzyby shiitake,30 g,Do koszyka,"11,79 zł",,Odbierz za 10 gr:  FRISCO FRESH Jabłka Szampion 4 szt. 800g. Przy zakupie wybranych warzyw i owoców za min. 50 zł.Aktywuj promocję,09-11-2025 14-00
109715,TAGROS Podgrzybek krajowy suszony,25 g,Do koszyka,"13,49 zł",,Odbierz za 10 gr:  FRISCO FRESH Jabłka Szampion 4 szt. 800g. Przy zakupie wybranych warzyw i owoców za min. 50 zł.Aktywuj promocję,09-11-2025 14-00
153396,TAGROS Borowik krojony suszony,20 g,Do koszyka,"11,99 zł",,Odbierz za 10 gr:  FRISCO FRESH Jabłka Szampion 4 szt. 800g. Przy zakupie wybranych warzyw i owoców za min. 50 zł.Aktywuj promocję,09-11-2025 14-00
140791,TAGROS Podgrzybek suszony sznur,50 g,Do koszyka,"28,49 zł",,Odbierz za 10 gr:  FRISCO FRESH Jabłka Szampion 4 szt. 800g. Przy zakupie wybranych warzyw i owoców za min. 50 zł.Aktywuj promocję,09-11-2025 14-00
153394,TAGROS Podgrzybek krajowy suszony,20 g,Do koszyka,"10,99 zł",,Odbierz za 10 gr:  FRISCO FRESH Jabłka Szampion 4 szt. 800g. Przy zakupie wybranych warzyw i owoców za min. 50 zł.Aktywuj promocję,09-11-2025 14-00
153395,TAGROS Koźlarz krojony suszony,20 g,Do koszyka,"7,99 zł",,Odbierz za 10 gr:  FRISCO FRESH Jabłka Szampion 4 szt. 800g. Przy zakupie wybranych warzyw i owoców za min. 50 zł.Aktywuj promocję,09-11-2025 14-00
48733,FRISCO ORGANIC Seler naciowy BIO,300 g,Do koszyka,"14,49 zł",,Odbierz za 10 gr:  FRISCO FRESH Jabłka Szampion 4 szt. 800g. Przy zakupie wybranych warzyw i owoców za min. 50 zł.Aktywuj promocję,09-11-2025 14-00
146347,FRISCO ORGANIC Awokado świeże BIO 5 szt.,650 g,Do koszyka,"29,99 zł",,Odbierz za 10 gr:  FRISCO FRESH Jabłka Szampion 4 szt. 800g. Przy zakupie wybranych warzyw i owoców za min. 50 zł.Aktywuj promocję,09-11-2025 14-00
43659,"FRISCO ORGANIC Jabłka świeże BIO (champion - polska) (około 1,00 kg)",~1 kg,Do koszyka,"14,99 zł",,Odbierz za 10 gr:  FRISCO FRESH Jabłka Szampion 4 szt. 800g. Przy zakupie wybranych warzyw i owoców za min. 50 zł.Aktywuj promocję,09-11-2025 14-00
149806,Dominik Przecier Ogórkowy,550 g,Do koszyka,"4,59 zł",,Odbierz za 10 gr:  FRISCO FRESH Jabłka Szampion 4 szt. 800g. Przy zakupie wybranych warzyw i owoców za min. 50 zł.Aktywuj promocję,09-11-2025 14-00
71350,FRISCO ORGANIC Imbir świeży kłącze BIO,~300 g,Do koszyka,"14,99 zł",,Odbierz za 10 gr:  FRISCO FRESH Jabłka Szampion 4 szt. 800g. Przy zakupie wybranych warzyw i owoców za min. 50 zł.Aktywuj promocję,09-11-2025 14-00
142082,FRISCO ORGANIC Papryka ostra świeża BIO,100 g,Do koszyka,"12,99 zł",,Odbierz za 10 gr:  FRISCO FRESH Jabłka Szampion 4 szt. 800g. Przy zakupie wybranych warzyw i owoców za min. 50 zł.Aktywuj promocję,09-11-2025 14-00
11898,FRISCO ORGANIC Ziemniaki bataty słodkie BIO,~1 kg,Do koszyka,"19,99 zł",,Odbierz za 10 gr:  FRISCO FRESH Jabłka Szampion 4 szt. 800g. Przy zakupie wybranych warzyw i owoców za min. 50 zł.Aktywuj promocję,09-11-2025 14-00
125173,CHARSZNICKIE Surówka z kapusty kiszonej BIO,650 g,Do koszyka,"11,99 zł",,Odbierz za 10 gr:  FRISCO FRESH Jabłka Szampion 4 szt. 800g. Przy zakupie wybranych warzyw i owoców za min. 50 zł.Aktywuj promocję,09-11-2025 14-00
151188,FRISCO ORGANIC Pomidory czarne rebellion BIO,~500 g,Do koszyka,"24,99 zł",,Odbierz za 10 gr:  FRISCO FRESH Jabłka Szampion 4 szt. 800g. Przy zakupie wybranych warzyw i owoców za min. 50 zł.Aktywuj promocję,09-11-2025 14-00
142133,FRISCO ORGANIC Pomidory cherry na gałązce świeże BIO,250 g,Do koszyka,"7,99 zł *","9,99 zł",Odbierz za 10 gr:  FRISCO FRESH Jabłka Szampion 4 szt. 800g. Przy zakupie wybranych warzyw i owoców za min. 50 zł.Aktywuj promocję,09-11-2025 14-00
43631,FRISCO ORGANIC Seler BIO,~1 kg,Do koszyka,"10,99 zł *","14,99 zł",Odbierz za 10 gr:  FRISCO FRESH Jabłka Szampion 4 szt. 800g. Przy zakupie wybranych warzyw i owoców za min. 50 zł.Aktywuj promocję,09-11-2025 14-00
125161,CHARSZNICKIE Kapusta kiszona BIO,750 g,Do koszyka,"10,99 zł *","14,19 zł",Odbierz za 10 gr:  FRISCO FRESH Jabłka Szampion 4 szt. 800g. Przy zakupie wybranych warzyw i owoców za min. 50 zł.Aktywuj promocję,09-11-2025 14-00
9188,FRISCO ORGANIC Cebula szalotka BIO,250 g,Do koszyka,"12,99 zł",,Odbierz za 10 gr:  FRISCO FRESH Jabłka Szampion 4 szt. 800g. Przy zakupie wybranych warzyw i owoców za min. 50 zł.Aktywuj promocję,09-11-2025 14-00
46773,FRISCO ORGANIC Sałata rzymska mini BIO,180 g,Zamienniki,0,0,Odbierz za 10 gr:  FRISCO FRESH Jabłka Szampion 4 szt. 800g. Przy zakupie wybranych warzyw i owoców za min. 50 zł.Aktywuj promocję,09-11-2025 14-00
120973,FRISCO ORGANIC Roszponka świeża niemyta BIO,100 g,Do koszyka,"10,49 zł",,Odbierz za 10 gr:  FRISCO FRESH Jabłka Szampion 4 szt. 800g. Przy zakupie wybranych warzyw i owoców za min. 50 zł.Aktywuj promocję,09-11-2025 14-00
150162,FRISCO ORGANIC Kiwi żółte świeże BIO,~500 g,Do koszyka,"34,99 zł",,Odbierz za 10 gr:  FRISCO FRESH Jabłka Szampion 4 szt. 800g. Przy zakupie wybranych warzyw i owoców za min. 50 zł.Aktywuj promocję,09-11-2025 14-00
43675,FRISCO ORGANIC Papryka zielona BIO 1szt.,~250 g,Do koszyka,"6,99 zł",,Odbierz za 10 gr:  FRISCO FRESH Jabłka Szampion 4 szt. 800g. Przy zakupie wybranych warzyw i owoców za min. 50 zł.Aktywuj promocję,09-11-2025 14-00
101807,FRISCO ORGANIC Dynia piżmowa świeża BIO,~1 kg,Zamienniki,0,0,Odbierz za 10 gr:  FRISCO FRESH Jabłka Szampion 4 szt. 800g. Przy zakupie wybranych warzyw i owoców za min. 50 zł.Aktywuj promocję,09-11-2025 14-00
95343,FRISCO ORGANIC Limonki BIO 250g,1 szt,Do koszyka,"8,49 zł",,Odbierz za 10 gr:  FRISCO FRESH Jabłka Szampion 4 szt. 800g. Przy zakupie wybranych warzyw i owoców za min. 50 zł.Aktywuj promocję,09-11-2025 14-00
101805,FRISCO ORGANIC Buraczki czerwone gotowane BIO,500 g,Do koszyka,"7,99 zł",,Odbierz za 10 gr:  FRISCO FRESH Jabłka Szampion 4 szt. 800g. Przy zakupie wybranych warzyw i owoców za min. 50 zł.Aktywuj promocję,09-11-2025 14-00
113445,OLD FRIENDS KIMCHI Classic MILD,300 g,Do koszyka,"17,65 zł",,Odbierz za 10 gr:  FRISCO FRESH Jabłka Szampion 4 szt. 800g. Przy zakupie wybranych warzyw i owoców za min. 50 zł.Aktywuj promocję,09-11-2025 14-00
48611,FRISCO ORGANIC Cebula czerwona BIO,~1 kg,Do koszyka,"11,99 zł",,Odbierz za 10 gr:  FRISCO FRESH Jabłka Szampion 4 szt. 800g. Przy zakupie wybranych warzyw i owoców za min. 50 zł.Aktywuj promocję,09-11-2025 14-00
43663,FRISCO ORGANIC Ziemniaki BIO,2 kg,Do koszyka,"13,99 zł",,Odbierz za 10 gr:  FRISCO FRESH Jabłka Szampion 4 szt. 800g. Przy zakupie wybranych warzyw i owoców za min. 50 zł.Aktywuj promocję,09-11-2025 14-00
10991,FRISCO ORGANIC Banany BIO kiść,~1 kg,Do koszyka,"17,99 zł",,Odbierz za 10 gr:  FRISCO FRESH Jabłka Szampion 4 szt. 800g. Przy zakupie wybranych warzyw i owoców za min. 50 zł.Aktywuj promocję,09-11-2025 14-00
102647,FRISCO ORGANIC Winogrona czerwone świeże BIO,~500 g,Zamienniki,0,0,Odbierz za 10 gr:  FRISCO FRESH Jabłka Szampion 4 szt. 800g. Przy zakupie wybranych warzyw i owoców za min. 50 zł.Aktywuj promocję,09-11-2025 14-00
149819,Dominik Ogórki Kiszone,500 g,Do koszyka,"10,19 zł",,Odbierz za 10 gr:  FRISCO FRESH Jabłka Szampion 4 szt. 800g. Przy zakupie wybranych warzyw i owoców za min. 50 zł.Aktywuj promocję,09-11-2025 14-00
13971,FRISCO ORGANIC Koper włoski BIO,500 g,Do koszyka,"19,99 zł",,Odbierz za 10 gr:  FRISCO FRESH Jabłka Szampion 4 szt. 800g. Przy zakupie wybranych warzyw i owoców za min. 50 zł.Aktywuj promocję,09-11-2025 14-00
11893,FRISCO ORGANIC Sałata lodowa BIO,200 g,Do koszyka,"17,99 zł",,Odbierz za 10 gr:  FRISCO FRESH Jabłka Szampion 4 szt. 800g. Przy zakupie wybranych warzyw i owoców za min. 50 zł.Aktywuj promocję,09-11-2025 14-00
149802,Dominik Kapusta Kiszona z Marchewką,500 g,Do koszyka,"4,19 zł",,Odbierz za 10 gr:  FRISCO FRESH Jabłka Szampion 4 szt. 800g. Przy zakupie wybranych warzyw i owoców za min. 50 zł.Aktywuj promocję,09-11-2025 14-00
98077,FRISCO ORGANIC Kurkuma świeża BIO,~200 g,Do koszyka,"12,99 zł",,Odbierz za 10 gr:  FRISCO FRESH Jabłka Szampion 4 szt. 800g. Przy zakupie wybranych warzyw i owoców za min. 50 zł.Aktywuj promocję,09-11-2025 14-00
43633,FRISCO ORGANIC Por BIO,400 g,Do koszyka,"13,99 zł",,Odbierz za 10 gr:  FRISCO FRESH Jabłka Szampion 4 szt. 800g. Przy zakupie wybranych warzyw i owoców za min. 50 zł.Aktywuj promocję,09-11-2025 14-00
87185,FRISCO ORGANIC Kukurydza słodka gotowana BIO,400 g,Do koszyka,"19,99 zł",,Odbierz za 10 gr:  FRISCO FRESH Jabłka Szampion 4 szt. 800g. Przy zakupie wybranych warzyw i owoców za min. 50 zł.Aktywuj promocję,09-11-2025 14-00
81911,FRISCO ORGANIC Pomidory okrągłe BIO 4-6szt.,~500 g,Do koszyka,"12,99 zł",,Odbierz za 10 gr:  FRISCO FRESH Jabłka Szampion 4 szt. 800g. Przy zakupie wybranych warzyw i owoców za min. 50 zł.Aktywuj promocję,09-11-2025 14-00
103733,FRISCO ORGANIC Jarmuż BIO,250 g,Do koszyka,"9,99 zł",,Odbierz za 10 gr:  FRISCO FRESH Jabłka Szampion 4 szt. 800g. Przy zakupie wybranych warzyw i owoców za min. 50 zł.Aktywuj promocję,09-11-2025 14-00
13974,FRISCO ORGANIC Kalafior BIO,600 g,Do koszyka,"22,99 zł",,Odbierz za 10 gr:  FRISCO FRESH Jabłka Szampion 4 szt. 800g. Przy zakupie wybranych warzyw i owoców za min. 50 zł.Aktywuj promocję,09-11-2025 14-00
89701,FRISCO ORGANIC Grejpfrut czerwony BIO,~1 kg,Do koszyka,"19,99 zł",,Odbierz za 10 gr:  FRISCO FRESH Jabłka Szampion 4 szt. 800g. Przy zakupie wybranych warzyw i owoców za min. 50 zł.Aktywuj promocję,09-11-2025 14-00
11886,FRISCO ORGANIC Pomarańcze BIO,~1 kg,Do koszyka,"24,99 zł",,Odbierz za 10 gr:  FRISCO FRESH Jabłka Szampion 4 szt. 800g. Przy zakupie wybranych warzyw i owoców za min. 50 zł.Aktywuj promocję,09-11-2025 14-00
43767,FRISCO ORGANIC Buraki BIO,~1 kg,Do koszyka,"7,99 zł *","9,99 zł",Odbierz za 10 gr:  FRISCO FRESH Jabłka Szampion 4 szt. 800g. Przy zakupie wybranych warzyw i owoców za min. 50 zł.Aktywuj promocję,09-11-2025 14-00
71348,FRISCO ORGANIC Grzyby Shitake BIO,200 g,Do koszyka,"14,99 zł *","17,99 zł",Odbierz za 10 gr:  FRISCO FRESH Jabłka Szampion 4 szt. 800g. Przy zakupie wybranych warzyw i owoców za min. 50 zł.Aktywuj promocję,09-11-2025 14-00
8798,FRISCO ORGANIC Kapusta biała BIO,1.2 kg,Do koszyka,"14,99 zł",,Odbierz za 10 gr:  FRISCO FRESH Jabłka Szampion 4 szt. 800g. Przy zakupie wybranych warzyw i owoców za min. 50 zł.Aktywuj promocję,09-11-2025 14-00
113449,OLD FRIENDS KIMCHI Classic Spicy,300 g,Do koszyka,"17,65 zł",,Odbierz za 10 gr:  FRISCO FRESH Jabłka Szampion 4 szt. 800g. Przy zakupie wybranych warzyw i owoców za min. 50 zł.Aktywuj promocję,09-11-2025 14-00
47901,FRISCO ORGANIC Mandarynki BIO,~1 kg,Zamienniki,0,0,Odbierz za 10 gr:  FRISCO FRESH Jabłka Szampion 4 szt. 800g. Przy zakupie wybranych warzyw i owoców za min. 50 zł.Aktywuj promocję,09-11-2025 14-00
43591,FRISCO ORGANIC Kapusta czerwona - główka BIO,1.2 kg,Do koszyka,"18,99 zł",,Odbierz za 10 gr:  FRISCO FRESH Jabłka Szampion 4 szt. 800g. Przy zakupie wybranych warzyw i owoców za min. 50 zł.Aktywuj promocję,09-11-2025 14-00
46697,FRISCO ORGANIC Granat BIO,300 g,Do koszyka,"14,99 zł",,Odbierz za 10 gr:  FRISCO FRESH Jabłka Szampion 4 szt. 800g. Przy zakupie wybranych warzyw i owoców za min. 50 zł.Aktywuj promocję,09-11-2025 14-00
121239,OLD FRIENDS KIMCHI Burak Spicy,300 g,Do koszyka,"14,19 zł",,Odbierz za 10 gr:  FRISCO FRESH Jabłka Szampion 4 szt. 800g. Przy zakupie wybranych warzyw i owoców za min. 50 zł.Aktywuj promocję,09-11-2025 14-00
115349,FRISCO ORGANIC Aloes świeży BIO,~500 g,Do koszyka,"9,99 zł *","12,99 zł",Odbierz za 10 gr:  FRISCO FRESH Jabłka Szampion 4 szt. 800g. Przy zakupie wybranych warzyw i owoców za min. 50 zł.Aktywuj promocję,09-11-2025 14-00
81915,FRISCO ORGANIC Papryka żółta BIO,~600 g,Do koszyka,"17,99 zł",,Odbierz za 10 gr:  FRISCO FRESH Jabłka Szampion 4 szt. 800g. Przy zakupie wybranych warzyw i owoców za min. 50 zł.Aktywuj promocję,09-11-2025 14-00
134720,OLD FRIENDS KIMCHI Vegan Spicy,250 g,Zamienniki,0,0,Odbierz za 10 gr:  FRISCO FRESH Jabłka Szampion 4 szt. 800g. Przy zakupie wybranych warzyw i owoców za min. 50 zł.Aktywuj promocję,09-11-2025 14-00
149785,Dominik Buraczki Marynowane,550 g,Do koszyka,"5,49 zł",,Odbierz za 10 gr:  FRISCO FRESH Jabłka Szampion 4 szt. 800g. Przy zakupie wybranych warzyw i owoców za min. 50 zł.Aktywuj promocję,09-11-2025 14-00
113459,OLD FRIENDS KIMCHI Vegan Spicy,300 g,Do koszyka,"19,19 zł",,Odbierz za 10 gr:  FRISCO FRESH Jabłka Szampion 4 szt. 800g. Przy zakupie wybranych warzyw i owoców za min. 50 zł.Aktywuj promocję,09-11-2025 14-00
147723,FRISCO ORGANIC Marakuja świeża BIO,~250 g,Do koszyka,"29,99 zł",,Odbierz za 10 gr:  FRISCO FRESH Jabłka Szampion 4 szt. 800g. Przy zakupie wybranych warzyw i owoców za min. 50 zł.Aktywuj promocję,09-11-2025 14-00
130037,OLD FRIENDS Kimchi marchew spicy,300 g,Do koszyka,"14,19 zł",,Odbierz za 10 gr:  FRISCO FRESH Jabłka Szampion 4 szt. 800g. Przy zakupie wybranych warzyw i owoców za min. 50 zł.Aktywuj promocję,09-11-2025 14-00
113457,OLD FRIENDS KIMCHI Vegan MILD,300 g,Do koszyka,"18,99 zł",,Odbierz za 10 gr:  FRISCO FRESH Jabłka Szampion 4 szt. 800g. Przy zakupie wybranych warzyw i owoców za min. 50 zł.Aktywuj promocję,09-11-2025 14-00
96283,FRISCO ORGANIC Pomidory żebrowane Rebelion BIO,~500 g,Zamienniki,0,0,Odbierz za 10 gr:  FRISCO FRESH Jabłka Szampion 4 szt. 800g. Przy zakupie wybranych warzyw i owoców za min. 50 zł.Aktywuj promocję,09-11-2025 14-00
12037,FRISCO FRESH Borówka amerykańska,125 g,Do koszyka,"10,99 zł",,Odbierz za 10 gr:  FRISCO FRESH Jabłka Szampion 4 szt. 800g. Przy zakupie wybranych warzyw i owoców za min. 50 zł.Aktywuj promocję,09-11-2025 14-00
150130,BERRY TRADE Borówka amerykańska - shaker,300 g,Do koszyka,"21,99 zł",,Odbierz za 10 gr:  FRISCO FRESH Jabłka Szampion 4 szt. 800g. Przy zakupie wybranych warzyw i owoców za min. 50 zł.Aktywuj promocję,09-11-2025 14-00
108503,FRISCO FRESH Porzeczka czerwona,125 g,Do koszyka,"19,99 zł",,Odbierz za 10 gr:  FRISCO FRESH Jabłka Szampion 4 szt. 800g. Przy zakupie wybranych warzyw i owoców za min. 50 zł.Aktywuj promocję,09-11-2025 14-00
150131,BERRY TRADE Żurawina,250 g,Do koszyka,"14,99 zł",,Odbierz za 10 gr:  FRISCO FRESH Jabłka Szampion 4 szt. 800g. Przy zakupie wybranych warzyw i owoców za min. 50 zł.Aktywuj promocję,09-11-2025 14-00
128095,OLD FRIENDS Kimchi classic mild,900 g,Do koszyka,"52,89 zł",,Odbierz za 10 gr:  FRISCO FRESH Jabłka Szampion 4 szt. 800g. Przy zakupie wybranych warzyw i owoców za min. 50 zł.Aktywuj promocję,09-11-2025 14-00
